{
  
  "06-12-2026": {
    "mesh": {
       "rashi_name_en": "Aries",
      "rashi_name_hi": "मेष",
      "rashi_data": "Success in new work.",
      "lucky_number": "9"
    },
    "vrishabh": {
       "rashi_name_en": "Aries",
      "rashi_name_hi": "मेष",
      "rashi_data": "Good day to start a new relationship.",
      "lucky_number": "2"
    },
    "mithun": {
       "rashi_name_en": "Aries",
      "rashi_name_hi": "मेष",
      "rashi_data": "Work pressure will increase.",
      "lucky_number": "4"
    },
     "kark": {
       "rashi_name_en": "Aries",
      "rashi_name_hi": "मेष",
      "rashi_data": "Work pressure will increase.",
      "lucky_number": "4"
    },
     "singh": {
       "rashi_name_en": "Aries",
      "rashi_name_hi": "मेष",
      "rashi_data": "Work pressure will increase.",
      "lucky_number": "4"
    },
     "kanya": {
       "rashi_name_en": "Aries",
      "rashi_name_hi": "मेष",
      "rashi_data": "Work pressure will increase.",
      "lucky_number": "4"
    },
      "tula": {
         "rashi_name_en": "Aries",
      "rashi_name_hi": "मेष",
      "rashi_data": "Work pressure will increase.",
      "lucky_number": "4"
    },
      "vrishchik": {
         "rashi_name_en": "Aries",
      "rashi_name_hi": "मेष",
      "rashi_data": "Work pressure will increase.",
      "lucky_number": "4"
    },
      "dhanu": {
         "rashi_name_en": "Aries",
      "rashi_name_hi": "मेष",
      "rashi_data": "Work pressure will increase.",
      "lucky_number": "4"
    },
      "makar": {
         "rashi_name_en": "Aries",
      "rashi_name_hi": "मेष",
      "rashi_data": "Work pressure will increase.",
      "lucky_number": "4"
    },
     "kumbh": {
       "rashi_name_en": "Aries",
      "rashi_name_hi": "मेष",
      "rashi_data": "Work pressure will increase.",
      "lucky_number": "4"
    },
      "meen": {
         "rashi_name_en": "Aries",
      "rashi_name_hi": "मेष",
      "rashi_data": "Work pressure will increase.",
      "lucky_number": "4"
    }
  }
}
